content_id,movie_idx
movie_100,0
movie_101,1
movie_102,2
movie_103,3
movie_104,4
movie_105,5
movie_106,6
movie_107,7
movie_108,8
movie_109,9
movie_110,10
movie_111,11
movie_112,12
movie_113,13
movie_114,14
movie_115,15
movie_116,16
movie_117,17
movie_118,18
movie_119,19
movie_120,20
movie_121,21
movie_122,22
movie_123,23
movie_124,24
movie_125,25
movie_126,26
movie_127,27
movie_128,28
movie_129,29
movie_130,30
movie_131,31
movie_132,32
movie_133,33
movie_134,34
movie_135,35
movie_136,36
movie_137,37
movie_138,38
movie_139,39
movie_140,40
movie_141,41
movie_142,42
movie_143,43
movie_144,44
movie_145,45
movie_146,46
movie_147,47
movie_148,48
movie_149,49
movie_150,50
movie_151,51
movie_152,52
movie_153,53
movie_154,54
movie_155,55
movie_156,56
movie_157,57
movie_158,58
movie_159,59
movie_160,60
movie_161,61
movie_162,62
movie_163,63
movie_164,64
movie_165,65
movie_166,66
movie_167,67
movie_168,68
movie_169,69
movie_170,70
movie_171,71
movie_172,72
movie_173,73
movie_174,74
movie_175,75
movie_176,76
movie_177,77
movie_178,78
movie_179,79
movie_180,80
movie_181,81
movie_182,82
movie_183,83
movie_184,84
movie_185,85
movie_186,86
movie_187,87
movie_188,88
movie_189,89
movie_190,90
movie_191,91
movie_192,92
movie_193,93
movie_194,94
movie_195,95
movie_196,96
movie_197,97
movie_198,98
movie_199,99
movie_200,100
movie_201,101
movie_202,102
movie_203,103
movie_204,104
movie_205,105
movie_206,106
movie_207,107
movie_208,108
movie_209,109
movie_210,110
movie_211,111
movie_212,112
movie_213,113
movie_214,114
movie_215,115
movie_216,116
movie_217,117
movie_218,118
movie_219,119
movie_220,120
movie_221,121
movie_222,122
movie_223,123
movie_224,124
movie_225,125
movie_226,126
movie_227,127
movie_228,128
movie_229,129
movie_230,130
movie_231,131
movie_232,132
movie_233,133
movie_234,134
movie_235,135
movie_236,136
movie_237,137
movie_238,138
movie_239,139
movie_240,140
movie_241,141
movie_242,142
movie_243,143
movie_244,144
movie_245,145
movie_246,146
movie_247,147
movie_248,148
movie_249,149
movie_250,150
movie_251,151
movie_252,152
movie_253,153
movie_254,154
movie_255,155
movie_256,156
movie_257,157
movie_258,158
movie_259,159
movie_260,160
movie_261,161
movie_262,162
movie_263,163
movie_264,164
movie_265,165
movie_266,166
movie_267,167
movie_268,168
movie_269,169
movie_270,170
movie_271,171
movie_272,172
movie_273,173
movie_274,174
movie_275,175
movie_276,176
movie_277,177
movie_278,178
movie_279,179
movie_280,180
movie_281,181
movie_282,182
movie_283,183
movie_284,184
movie_285,185
movie_286,186
movie_287,187
movie_288,188
movie_289,189
movie_290,190
movie_291,191
movie_292,192
movie_293,193
movie_294,194
movie_295,195
movie_296,196
movie_297,197
movie_298,198
movie_299,199
movie_300,200
movie_301,201
movie_302,202
movie_303,203
movie_304,204
movie_305,205
movie_306,206
movie_307,207
movie_308,208
movie_309,209
movie_310,210
movie_311,211
movie_312,212
movie_313,213
movie_314,214
movie_315,215
movie_316,216
movie_317,217
movie_318,218
movie_319,219
movie_320,220
movie_321,221
movie_322,222
movie_323,223
movie_324,224
movie_325,225
movie_326,226
movie_327,227
movie_328,228
movie_329,229
movie_330,230
movie_331,231
movie_332,232
movie_333,233
movie_334,234
movie_335,235
movie_336,236
movie_337,237
movie_338,238
movie_339,239
movie_340,240
movie_341,241
movie_342,242
movie_343,243
movie_344,244
movie_345,245
movie_346,246
movie_347,247
movie_348,248
movie_349,249
movie_350,250
movie_351,251
movie_352,252
movie_353,253
movie_354,254
movie_355,255
movie_356,256
movie_357,257
movie_358,258
movie_359,259
movie_360,260
movie_361,261
movie_362,262
movie_363,263
movie_364,264
movie_365,265
movie_366,266
movie_367,267
movie_368,268
movie_369,269
movie_370,270
movie_371,271
movie_372,272
movie_373,273
movie_374,274
movie_375,275
movie_376,276
movie_377,277
movie_378,278
movie_379,279
movie_380,280
movie_381,281
movie_382,282
movie_383,283
movie_384,284
movie_385,285
movie_386,286
movie_387,287
movie_388,288
movie_389,289
movie_390,290
movie_391,291
movie_392,292
movie_393,293
movie_394,294
movie_395,295
movie_396,296
movie_397,297
movie_398,298
movie_399,299
movie_400,300
movie_401,301
movie_402,302
movie_403,303
movie_404,304
movie_405,305
movie_406,306
movie_407,307
movie_408,308
movie_409,309
movie_410,310
movie_411,311
movie_412,312
movie_413,313
movie_414,314
movie_415,315
movie_416,316
movie_417,317
movie_418,318
movie_419,319
movie_420,320
movie_421,321
movie_422,322
movie_423,323
movie_424,324
movie_425,325
movie_426,326
movie_427,327
movie_428,328
movie_429,329
movie_430,330
movie_431,331
movie_432,332
movie_433,333
movie_434,334
movie_435,335
movie_436,336
movie_437,337
movie_438,338
movie_439,339
movie_440,340
movie_441,341
movie_442,342
movie_443,343
movie_444,344
movie_445,345
movie_446,346
movie_447,347
movie_448,348
movie_449,349
movie_450,350
movie_451,351
movie_452,352
movie_453,353
movie_454,354
movie_455,355
movie_456,356
movie_457,357
movie_458,358
movie_459,359
movie_460,360
movie_461,361
movie_462,362
movie_463,363
movie_464,364
movie_465,365
movie_466,366
movie_467,367
movie_468,368
movie_469,369
movie_470,370
movie_471,371
movie_472,372
movie_473,373
movie_474,374
movie_475,375
movie_476,376
movie_477,377
movie_478,378
movie_479,379
movie_480,380
movie_481,381
movie_482,382
movie_483,383
movie_484,384
movie_485,385
movie_486,386
movie_487,387
movie_488,388
movie_489,389
movie_490,390
movie_491,391
movie_492,392
movie_493,393
movie_494,394
movie_495,395
movie_496,396
movie_497,397
movie_498,398
movie_499,399
movie_500,400
movie_501,401
movie_502,402
movie_503,403
movie_504,404
movie_505,405
movie_506,406
movie_507,407
movie_508,408
movie_509,409
movie_510,410
movie_511,411
movie_512,412
movie_513,413
movie_514,414
movie_515,415
movie_516,416
movie_517,417
movie_518,418
movie_519,419
movie_520,420
movie_521,421
movie_522,422
movie_523,423
movie_524,424
movie_525,425
movie_526,426
movie_527,427
movie_528,428
movie_529,429
movie_530,430
movie_531,431
movie_532,432
movie_533,433
movie_534,434
movie_535,435
movie_536,436
movie_537,437
movie_538,438
movie_539,439
movie_540,440
movie_541,441
movie_542,442
movie_543,443
movie_544,444
movie_545,445
movie_546,446
movie_547,447
movie_548,448
movie_549,449
movie_550,450
movie_551,451
movie_552,452
movie_553,453
movie_554,454
movie_555,455
movie_556,456
movie_557,457
movie_558,458
movie_559,459
movie_560,460
movie_561,461
movie_562,462
movie_563,463
movie_564,464
movie_565,465
movie_566,466
movie_567,467
movie_568,468
movie_569,469
movie_570,470
movie_571,471
movie_572,472
movie_573,473
movie_574,474
movie_575,475
movie_576,476
movie_577,477
movie_578,478
movie_579,479
movie_580,480
movie_581,481
movie_582,482
movie_583,483
movie_584,484
movie_585,485
movie_586,486
movie_587,487
movie_588,488
movie_589,489
movie_590,490
movie_591,491
movie_592,492
movie_593,493
movie_594,494
movie_595,495
movie_596,496
movie_597,497
movie_598,498
movie_599,499
movie_600,500
movie_601,501
movie_602,502
movie_603,503
movie_604,504
movie_605,505
movie_606,506
movie_607,507
movie_608,508
movie_609,509
movie_610,510
movie_611,511
movie_612,512
movie_613,513
movie_614,514
movie_615,515
movie_616,516
movie_617,517
movie_618,518
movie_619,519
movie_620,520
movie_621,521
movie_622,522
movie_623,523
movie_624,524
movie_625,525
movie_626,526
movie_627,527
movie_628,528
movie_629,529
movie_630,530
movie_631,531
movie_632,532
movie_633,533
movie_634,534
movie_635,535
movie_636,536
movie_637,537
movie_638,538
movie_639,539
movie_640,540
movie_641,541
movie_642,542
movie_643,543
movie_644,544
movie_645,545
movie_646,546
movie_647,547
movie_648,548
movie_649,549
movie_650,550
movie_651,551
movie_652,552
movie_653,553
movie_654,554
movie_655,555
movie_656,556
movie_657,557
movie_658,558
movie_659,559
movie_660,560
movie_661,561
movie_662,562
movie_663,563
movie_664,564
movie_665,565
movie_666,566
movie_667,567
movie_668,568
movie_669,569
movie_670,570
movie_671,571
movie_672,572
movie_673,573
movie_674,574
movie_675,575
movie_676,576
movie_677,577
movie_678,578
movie_679,579
movie_680,580
movie_681,581
movie_682,582
movie_683,583
movie_684,584
movie_685,585
movie_686,586
movie_687,587
movie_688,588
movie_689,589
movie_690,590
movie_691,591
movie_692,592
movie_693,593
movie_694,594
movie_695,595
movie_696,596
movie_697,597
movie_698,598
movie_699,599
movie_700,600
movie_701,601
movie_702,602
movie_703,603
movie_704,604
movie_705,605
movie_706,606
movie_707,607
movie_708,608
movie_709,609
movie_710,610
movie_711,611
movie_712,612
movie_713,613
movie_714,614
movie_715,615
movie_716,616
movie_717,617
movie_718,618
movie_719,619
movie_720,620
movie_721,621
movie_722,622
movie_723,623
movie_724,624
movie_725,625
movie_726,626
movie_727,627
movie_728,628
movie_729,629
movie_730,630
movie_731,631
movie_732,632
movie_733,633
movie_734,634
movie_735,635
movie_736,636
movie_737,637
movie_738,638
movie_739,639
movie_740,640
movie_741,641
movie_742,642
movie_743,643
movie_744,644
movie_745,645
movie_746,646
movie_747,647
movie_748,648
movie_749,649
movie_750,650
movie_751,651
movie_752,652
movie_753,653
movie_754,654
movie_755,655
movie_756,656
movie_757,657
movie_758,658
movie_759,659
movie_760,660
movie_761,661
movie_762,662
movie_763,663
movie_764,664
movie_765,665
movie_766,666
movie_767,667
movie_768,668
movie_769,669
movie_770,670
movie_771,671
movie_772,672
movie_773,673
movie_774,674
movie_775,675
movie_776,676
movie_777,677
movie_778,678
movie_779,679
movie_780,680
movie_781,681
movie_782,682
movie_783,683
movie_784,684
movie_785,685
movie_786,686
movie_787,687
movie_788,688
movie_789,689
movie_790,690
movie_791,691
movie_792,692
movie_793,693
movie_794,694
movie_795,695
movie_796,696
movie_797,697
movie_798,698
movie_799,699
movie_800,700
movie_801,701
movie_802,702
movie_803,703
movie_804,704
movie_805,705
movie_806,706
movie_807,707
movie_808,708
movie_809,709
movie_810,710
movie_811,711
movie_812,712
movie_813,713
movie_814,714
movie_815,715
movie_816,716
movie_817,717
movie_818,718
movie_819,719
movie_820,720
movie_821,721
movie_822,722
movie_823,723
movie_824,724
movie_825,725
movie_826,726
movie_827,727
movie_828,728
movie_829,729
movie_830,730
movie_831,731
movie_832,732
movie_833,733
movie_834,734
movie_835,735
movie_836,736
movie_837,737
movie_838,738
movie_839,739
movie_840,740
movie_841,741
movie_842,742
movie_843,743
movie_844,744
movie_845,745
movie_846,746
movie_847,747
movie_848,748
movie_849,749
movie_850,750
movie_851,751
movie_852,752
movie_853,753
movie_854,754
movie_855,755
movie_856,756
movie_857,757
movie_858,758
movie_859,759
movie_860,760
movie_861,761
movie_862,762
movie_863,763
movie_864,764
movie_865,765
movie_866,766
movie_867,767
movie_868,768
movie_869,769
movie_870,770
movie_871,771
movie_872,772
movie_873,773
movie_874,774
movie_875,775
movie_876,776
movie_877,777
movie_878,778
movie_879,779
movie_880,780
movie_881,781
movie_882,782
movie_883,783
movie_884,784
movie_885,785
movie_886,786
movie_887,787
movie_888,788
movie_889,789
movie_890,790
movie_891,791
movie_892,792
movie_893,793
movie_894,794
movie_895,795
movie_896,796
movie_897,797
movie_898,798
movie_899,799
movie_900,800
movie_901,801
movie_902,802
movie_903,803
movie_904,804
movie_905,805
movie_906,806
movie_907,807
movie_908,808
movie_909,809
movie_910,810
movie_911,811
movie_912,812
movie_913,813
movie_914,814
movie_915,815
movie_916,816
movie_917,817
movie_918,818
movie_919,819
movie_920,820
movie_921,821
movie_922,822
movie_923,823
movie_924,824
movie_925,825
movie_926,826
movie_927,827
movie_928,828
movie_929,829
movie_930,830
movie_931,831
movie_932,832
movie_933,833
movie_934,834
movie_935,835
movie_936,836
movie_937,837
movie_938,838
movie_939,839
movie_940,840
movie_941,841
movie_942,842
movie_943,843
movie_944,844
movie_945,845
movie_946,846
movie_947,847
movie_948,848
movie_949,849
movie_950,850
movie_951,851
movie_952,852
movie_953,853
movie_954,854
movie_955,855
movie_956,856
movie_957,857
movie_958,858
movie_959,859
movie_960,860
movie_961,861
movie_962,862
movie_963,863
movie_964,864
movie_965,865
movie_966,866
movie_967,867
movie_968,868
movie_969,869
movie_970,870
movie_971,871
movie_972,872
movie_973,873
movie_974,874
movie_975,875
movie_976,876
movie_977,877
movie_978,878
movie_979,879
movie_980,880
movie_981,881
movie_982,882
movie_983,883
movie_984,884
movie_985,885
movie_986,886
movie_987,887
movie_988,888
movie_989,889
movie_990,890
movie_991,891
movie_992,892
movie_993,893
movie_994,894
movie_995,895
movie_996,896
movie_997,897
movie_998,898
movie_999,899
